id,Patient_ID,Stool_Consistency,Patient_Sex,shannon_entropy,faith_pd,Sample_Day,Recovery_Day,Cohort_Number
EG1637,P001,formed,M,2.34589305705626,4.18649285623371,22,20,2
EG1359,P002,liquid,F,4.18183279358648,13.3611181210035,0,35,1
EG1431,P002,liquid,F,3.24452421890284,10.9703271156459,38,35,2
EG0024,P004,formed,F,2.35022435544424,7.79252781897833,0,34,1
EG0057,P004,formed,F,1.70997684098127,8.71108385327284,35,34,2
EG2392,P005,semi-formed,M,3.44192920535145,12.7383766860679,22,24,2
EG2335,P005,liquid,M,3.64102820772559,10.7738320002576,0,24,1
EG0946,P006,semi-formed,F,2.40105904427022,6.05134940858363,0,17,1
EG0605,P007,semi-formed,M,4.6319727636794,13.8797471738667,0,20,1
EG1830,P008,semi-formed,F,1.29839454053571,9.06704078223447,0,,1
EG2435,P010,liquid,F,4.59900414027486,12.727430131101,0,27,1
EG0647,P011,formed,M,3.61873566856845,8.61718991892064,25,25,2
EG0831,P012,liquid,F,3.39034523441247,14.6877845957866,0,24,1
EG0927,P012,formed,F,2.78057352371913,10.8424416541145,26,24,2
EG1524,P013,liquid,M,1.97476441272454,6.83249494436677,22,25,2
EG1976,P014,formed,F,4.57902057174518,17.2948216203155,0,16,1
EG2018,P014,semi-formed,F,2.61267258800013,7.5759262718442,14,16,2
EG0520,P015,semi-formed,M,2.5989953253198,8.77036415612588,26,25,2
EG1069,P016,semi-formed,F,4.0942595508747,11.8386444396054,0,24,1
EG2591,P017,liquid,M,4.92057641677324,23.5240301940777,0,17,1
EG2638,P017,semi-formed,M,2.74658042276278,14.813480199198,12,17,2
EG1990,P018,semi-formed,F,0.804790165934872,4.78975958531623,20,15,2
EG1394,P019,semi-formed,M,2.94473305679359,6.19732685179201,0,48,1
EG1490,P019,semi-formed,M,1.92461467576169,5.68955940209901,47,48,2
EG0055,P020,liquid,F,1.09873657628221,8.20586991415064,0,28,1
EG0088,P020,semi-formed,F,2.26144232466821,6.68548483366556,27,28,2
EG0031,P021,formed,M,2.24220182672899,6.40560830584752,20,24,2
EG0401,P022,liquid,F,4.30855761948467,17.0257610216671,0,25,1
EG1041,P023,liquid,M,4.08530891181515,10.4110025870618,27,29,2
EG0967,P023,formed,M,3.646822378398,8.00580649019037,0,29,1
EG2149,P024,formed,F,1.04466585120716,8.89529391296185,0,37,1
EG0767,P025,semi-formed,M,3.82929877282953,10.4499846330309,0,65,1
EG1035,P025,formed,M,0.462945229230303,6.81095036746501,70,65,2
EG1572,P026,formed,F,3.74492998787283,5.48390898902721,20,18,2
EG1507,P026,semi-formed,F,4.38049139097745,16.0156755483722,0,18,1
EG0136,P027,formed,M,4.13719810952346,19.9309415209691,0,33,1
EG0196,P027,formed,M,1.78913009742612,5.85723607460238,35,33,2
EG1051,P028,semi-formed,F,1.64514098258327,4.97093799438699,0,21,1
EG0194,P029,liquid,M,2.50172967672904,12.025267398712,0,20,1
EG2490,P030,formed,F,3.3330755933658,10.0577482529621,0,,1
EG0175,P032,formed,F,2.23164361045518,4.38953403561993,19,21,2
EG0141,P032,liquid,F,2.9674004398366,12.3613551437398,0,21,1
EG0236,P033,semi-formed,M,3.50596472817622,7.53953690091725,0,47,1
EG0341,P033,liquid,M,0.377936863457701,6.04126520644115,48,47,2
EG2659,P034,semi-formed,F,1.89704727839915,3.94300884646475,22,18,2
EG2608,P034,formed,F,3.50651043422436,13.2123830172017,0,18,1
EG1080,P036,formed,F,3.80204544999658,8.10706401141704,0,20,1
EG0800,P037,semi-formed,M,4.50373401879392,15.3603906386488,0,18,1
EG1599,P039,liquid,M,3.62982044859192,11.7028493557191,0,26,1
EG1673,P039,liquid,M,1.7140730260572,11.6059842300166,27,26,2
EG0732,P040,liquid,F,2.71700372229677,8.80150254381442,0,23,1
EG1904,P041,liquid,M,4.22287996985939,17.7759022940429,0,32,1
EG2580,P042,liquid,F,3.19996759989655,10.6724873096558,13,17,2
EG2559,P043,liquid,M,1.4894823647291,7.37169011420667,15,17,2
EG0313,P044,liquid,F,0.925265897714021,12.4261810871765,19,23,2
EG0282,P044,liquid,F,2.74619555874461,10.4279106344754,0,23,1
EG1905,P045,liquid,M,3.12529752816847,9.13643174803212,0,11,1
EG1939,P045,liquid,M,1.8727703227043,6.58817994650701,14,11,2
EG1915,P046,liquid,F,2.56809443996409,10.9449054895188,0,20,1
EG1178,P047,liquid,M,3.01767987380425,9.71378111930892,58,59,2
EG0546,P048,semi-formed,F,2.74519398482362,8.85020565380125,16,21,2
EG0497,P048,semi-formed,F,4.42306251966076,15.9131484681906,0,21,1
EG0364,P049,semi-formed,M,0.948365056461409,7.8771549993287,23,25,2
EG0303,P049,semi-formed,M,1.99720288715784,10.7457757890586,0,25,1
EG2391,P050,liquid,F,0.328329574396562,7.12354234485429,23,24,2
EG0294,P051,formed,M,2.39961475419595,14.1268117041304,7,11,2
EG0280,P051,formed,M,2.57461382509847,6.93939040514511,0,11,1
EG0744,P052,liquid,F,4.4488963695149,19.939126414904,0,25,1
EG0850,P052,liquid,F,1.77453177972527,6.89370868601611,25,25,2
EG0365,P053,semi-formed,M,0.669083826703711,5.90668149050975,17,21,2
EG0101,P054,semi-formed,F,2.76701799897044,6.29096844938238,7,7,2
EG2419,P055,formed,M,3.80833508519429,13.2596361751372,0,22,1
EG0256,P057,formed,M,0.814878333480699,3.37542193161005,17,19,2
EG1878,P059,formed,M,1.33583951576519,3.92215469504163,22,20,2
EG1823,P059,formed,M,3.66470119481644,7.33652256703328,0,20,1
EG0892,P060,semi-formed,F,3.60044135388431,7.53666553441451,38,42,2
EG0447,P061,semi-formed,M,0.129061499745808,4.36806920938159,27,25,2
EG0381,P061,formed,M,2.57744862752558,8.15661140326972,0,25,1
EG0118,P062,formed,F,0.770439604251454,4.69994279609864,30,27,2
EG0070,P062,semi-formed,F,4.98222217997413,19.2968748180352,0,27,1
EG0660,P063,formed,M,4.01894273880681,7.16368175338607,0,43,1
EG0778,P063,liquid,M,2.3463804203695,6.22885212003359,40,43,2
EG2279,P065,liquid,M,2.49617576501038,12.8388763894515,0,35,1
EG0415,P067,formed,M,3.76880243738268,9.52755454686189,0,51,1
EG1416,P068,semi-formed,F,1.97661353650468,3.03968037007473,17,16,2
EG1724,P070,semi-formed,F,4.18881366589309,11.4670779706842,0,19,1
EG1872,P071,semi-formed,M,5.05147423102006,14.1296172034834,0,29,1
EG1940,P071,liquid,M,3.55612775557812,11.1331600260056,27,29,2
EG2214,P072,semi-formed,F,5.02128333734784,15.9811759945699,0,24,1
EG0039,P073,formed,M,3.35438335860047,11.4444176591423,0,,1
EG2186,P074,formed,F,4.33013733441874,13.6887374112274,0,21,1
EG0883,P075,semi-formed,M,5.39014042498083,25.2450243837362,0,21,1
EG1892,P076,formed,F,3.81186217212075,10.4996122434818,27,28,2
EG1825,P076,semi-formed,F,3.96821602282324,11.1980492759354,0,28,1
